Target,Reference Ab,Method,HCDRs Designed,HCDR1,HCDR2,HCDR3,KD (nM),Binder
TNFRSF9,Utomilumab,Positive Control,,GYSFSTYW,IYPGDSYT,ARGYGIFDY,45.66385442,TRUE
TNFRSF9,Utomilumab,SAbDab,HCDR3,GYSFSTYW,IYPGDSYT,VRDGNSMDY,,FALSE
TNFRSF9,Utomilumab,SAbDab,HCDR3,GYSFSTYW,IYPGDSYT,TRGNYVFDY,,FALSE
TNFRSF9,Utomilumab,SAbDab,HCDR3,GYSFSTYW,IYPGDSYT,ARLAIGDSY,,FALSE
TNFRSF9,Utomilumab,SAbDab,HCDR3,GYSFSTYW,IYPGDSYT,NTPAGRVGGT,,FALSE
TNFRSF9,Utomilumab,SAbDab,HCDR3,GYSFSTYW,IYPGDSYT,ARQDYAMNY,,FALSE
TNFRSF9,Utomilumab,SAbDab,HCDR3,GYSFSTYW,IYPGDSYT,ARNRGWYFDV,,FALSE
TNFRSF9,Utomilumab,SAbDab,HCDR3,GYSFSTYW,IYPGDSYT,AREGPEDFDV,,FALSE
TNFRSF9,Utomilumab,SAbDab,HCDR3,GYSFSTYW,IYPGDSYT,AAITGTTDL,,FALSE
TNFRSF9,Utomilumab,SAbDab,HCDR3,GYSFSTYW,IYPGDSYT,ARGSFWFGY,,FALSE
TNFRSF9,Utomilumab,SAbDab,HCDR3,GYSFSTYW,IYPGDSYT,ARERLGIGDY,,FALSE
TNFRSF9,Utomilumab,SAbDab,HCDR3,GYSFSTYW,IYPGDSYT,ARWVRQMDY,,FALSE
TNFRSF9,Utomilumab,SAbDab,HCDR3,GYSFSTYW,IYPGDSYT,ARRDITTFY,,FALSE
TNFRSF9,Utomilumab,SAbDab,HCDR3,GYSFSTYW,IYPGDSYT,AIGEGGNRNY,,FALSE
TNFRSF9,Utomilumab,SAbDab,HCDR3,GYSFSTYW,IYPGDSYT,ARYYAGSDI,,FALSE
TNFRSF9,Utomilumab,SAbDab,HCDR3,GYSFSTYW,IYPGDSYT,ARTIYDLFDI,,FALSE
TNFRSF9,Utomilumab,SAbDab,HCDR3,GYSFSTYW,IYPGDSYT,NARYRSSYP,,FALSE
TNFRSF9,Utomilumab,SAbDab,HCDR3,GYSFSTYW,IYPGDSYT,ARENYGSVY,,FALSE
TNFRSF9,Utomilumab,SAbDab,HCDR3,GYSFSTYW,IYPGDSYT,ARSGSFFDY,,FALSE
TNFRSF9,Utomilumab,SAbDab,HCDR3,GYSFSTYW,IYPGDSYT,ARDGENVLDY,,FALSE
TNFRSF9,Utomilumab,SAbDab,HCDR3,GYSFSTYW,IYPGDSYT,VYDLYYFDY,,FALSE
TNFRSF9,Utomilumab,SAbDab,HCDR3,GYSFSTYW,IYPGDSYT,VRDYFISLDY,,FALSE
TNFRSF9,Utomilumab,SAbDab,HCDR3,GYSFSTYW,IYPGDSYT,TTGIVRPFLY,,FALSE
TNFRSF9,Utomilumab,SAbDab,HCDR3,GYSFSTYW,IYPGDSYT,ARMGYDGLAY,,FALSE
TNFRSF9,Utomilumab,SAbDab,HCDR3,GYSFSTYW,IYPGDSYT,ARFDWDKNY,,FALSE
TNFRSF9,Utomilumab,SAbDab,HCDR3,GYSFSTYW,IYPGDSYT,ARYVYHALDY,,FALSE
TNFRSF9,Utomilumab,SAbDab,HCDR3,GYSFSTYW,IYPGDSYT,AKDPRKLDY,,FALSE
TNFRSF9,Utomilumab,SAbDab,HCDR3,GYSFSTYW,IYPGDSYT,AKLPFTFDD,,FALSE
TNFRSF9,Utomilumab,SAbDab,HCDR3,GYSFSTYW,IYPGDSYT,ARLRLRYFDY,,FALSE
TNFRSF9,Utomilumab,SAbDab,HCDR3,GYSFSTYW,IYPGDSYT,ASLYSLPVY,,FALSE
TNFRSF9,Utomilumab,SAbDab,HCDR3,GYSFSTYW,IYPGDSYT,VSYYEGFAY,,FALSE
TNFRSF9,Utomilumab,SAbDab,HCDR3,GYSFSTYW,IYPGDSYT,AREVAGTYDY,,FALSE
TNFRSF9,Utomilumab,SAbDab,HCDR3,GYSFSTYW,IYPGDSYT,AREAYGMDV,,FALSE
TNFRSF9,Utomilumab,SAbDab,HCDR3,GYSFSTYW,IYPGDSYT,ARFLGNYFDN,,FALSE
TNFRSF9,Utomilumab,SAbDab,HCDR3,GYSFSTYW,IYPGDSYT,ARSGRLYFDV,,FALSE
TNFRSF9,Utomilumab,SAbDab,HCDR3,GYSFSTYW,IYPGDSYT,NAVPGRRGS,,FALSE
TNFRSF9,Utomilumab,SAbDab,HCDR3,GYSFSTYW,IYPGDSYT,ARAGTLFAY,,FALSE
TNFRSF9,Utomilumab,SAbDab,HCDR3,GYSFSTYW,IYPGDSYT,ARDQRLYFDV,,FALSE
TNFRSF9,Utomilumab,SAbDab,HCDR3,GYSFSTYW,IYPGDSYT,TRFRVFFDV,,FALSE
TNFRSF9,Utomilumab,SAbDab,HCDR3,GYSFSTYW,IYPGDSYT,ARETLAFDY,,FALSE
TNFRSF9,Utomilumab,SAbDab,HCDR3,GYSFSTYW,IYPGDSYT,TRGGTLFDY,,FALSE
TNFRSF9,Utomilumab,SAbDab,HCDR3,GYSFSTYW,IYPGDSYT,ARGGFGSFDT,,FALSE
TNFRSF9,Utomilumab,SAbDab,HCDR3,GYSFSTYW,IYPGDSYT,TRDGNDYDY,,FALSE
TNFRSF9,Utomilumab,SAbDab,HCDR3,GYSFSTYW,IYPGDSYT,HASLPGLPY,,FALSE
TNFRSF9,Utomilumab,SAbDab,HCDR3,GYSFSTYW,IYPGDSYT,ARHFYTYFDV,,FALSE
TNFRSF9,Utomilumab,SAbDab,HCDR3,GYSFSTYW,IYPGDSYT,ARDNSYYFDY,,FALSE
TNFRSF9,Utomilumab,SAbDab,HCDR3,GYSFSTYW,IYPGDSYT,TRDRLGPFDY,,FALSE
TNFRSF9,Utomilumab,SAbDab,HCDR3,GYSFSTYW,IYPGDSYT,AKQDYAMNY,,FALSE
TNFRSF9,Utomilumab,SAbDab,HCDR3,GYSFSTYW,IYPGDSYT,ARRGFYFDY,,FALSE
TNFRSF9,Utomilumab,SAbDab,HCDR3,GYSFSTYW,IYPGDSYT,TLYYGSVDY,,FALSE
TNFRSF9,Utomilumab,SAbDab,HCDR3,GYSFSTYW,IYPGDSYT,ARDTAAYFDY,,FALSE
TNFRSF9,Utomilumab,SAbDab,HCDR3,GYSFSTYW,IYPGDSYT,ARRYGNSFDY,,FALSE
TNFRSF9,Utomilumab,SAbDab,HCDR3,GYSFSTYW,IYPGDSYT,ARDAWMGFDY,,FALSE
TNFRSF9,Utomilumab,SAbDab,HCDR3,GYSFSTYW,IYPGDSYT,TRGYGHLDY,,FALSE
TNFRSF9,Utomilumab,SAbDab,HCDR3,GYSFSTYW,IYPGDSYT,ARGLLPFDY,,FALSE
TNFRSF9,Utomilumab,SAbDab,HCDR3,GYSFSTYW,IYPGDSYT,VTAGRGFPY,,FALSE
TNFRSF9,Utomilumab,SAbDab,HCDR3,GYSFSTYW,IYPGDSYT,ARDTAPPDY,,FALSE
TNFRSF9,Utomilumab,SAbDab,HCDR3,GYSFSTYW,IYPGDSYT,AKTSRVYFDY,,FALSE
TNFRSF9,Utomilumab,SAbDab,HCDR3,GYSFSTYW,IYPGDSYT,ARDVADAFDI,,FALSE
TNFRSF9,Utomilumab,SAbDab,HCDR3,GYSFSTYW,IYPGDSYT,AKVGWGAFDI,,FALSE
TNFRSF9,Utomilumab,Inverse Folding,HCDR3,GYSFSTYW,IYPGDSYT,ARGDGLFDY,,FALSE
TNFRSF9,Utomilumab,Inverse Folding,HCDR3,GYSFSTYW,IYPGDSYT,ARGNGIFDY,,FALSE
TNFRSF9,Utomilumab,Inverse Folding,HCDR3,GYSFSTYW,IYPGDSYT,TRGDGLFDY,,FALSE
TNFRSF9,Utomilumab,Inverse Folding,HCDR3,GYSFSTYW,IYPGDSYT,ARGDGVLDY,,FALSE
TNFRSF9,Utomilumab,Inverse Folding,HCDR3,GYSFSTYW,IYPGDSYT,ARGSGLLDY,,FALSE
TNFRSF9,Utomilumab,Inverse Folding,HCDR3,GYSFSTYW,IYPGDSYT,TRGDGIFDY,,FALSE
TNFRSF9,Utomilumab,Inverse Folding,HCDR3,GYSFSTYW,IYPGDSYT,ARGTGLLDY,,FALSE
TNFRSF9,Utomilumab,Inverse Folding,HCDR3,GYSFSTYW,IYPGDSYT,ARGTGYFDY,,FALSE
TNFRSF9,Utomilumab,Inverse Folding,HCDR3,GYSFSTYW,IYPGDSYT,ARGSGIFDY,,FALSE
TNFRSF9,Utomilumab,Inverse Folding,HCDR3,GYSFSTYW,IYPGDSYT,ARGSGYFDY,,FALSE
TNFRSF9,Utomilumab,Inverse Folding,HCDR3,GYSFSTYW,IYPGDSYT,TRGAGVFDY,,FALSE
TNFRSF9,Utomilumab,Inverse Folding,HCDR3,GYSFSTYW,IYPGDSYT,ARGRGVFDY,,FALSE
TNFRSF9,Utomilumab,Inverse Folding,HCDR3,GYSFSTYW,IYPGDSYT,ARGFGVFDY,,FALSE
TNFRSF9,Utomilumab,Inverse Folding,HCDR3,GYSFSTYW,IYPGDSYT,ARGEGLLDY,,FALSE
TNFRSF9,Utomilumab,Inverse Folding,HCDR3,GYSFSTYW,IYPGDSYT,ARGYGYFDY,,FALSE
TNFRSF9,Utomilumab,Inverse Folding,HCDR3,GYSFSTYW,IYPGDSYT,ARGVGILDY,,FALSE
TNFRSF9,Utomilumab,Inverse Folding,HCDR3,GYSFSTYW,IYPGDSYT,TRGSGVFDY,,FALSE
TNFRSF9,Utomilumab,Inverse Folding,HCDR3,GYSFSTYW,IYPGDSYT,SRGEGVFDY,,FALSE
TNFRSF9,Utomilumab,Inverse Folding,HCDR3,GYSFSTYW,IYPGDSYT,ARGAGILDY,,FALSE
TNFRSF9,Utomilumab,Inverse Folding,HCDR3,GYSFSTYW,IYPGDSYT,SRGDGIFDY,,FALSE
TNFRSF9,Utomilumab,Inverse Folding,HCDR3,GYSFSTYW,IYPGDSYT,ARGDGVFDY,,FALSE
TNFRSF9,Utomilumab,Inverse Folding,HCDR3,GYSFSTYW,IYPGDSYT,ARGAGIFDY,,FALSE
TNFRSF9,Utomilumab,Inverse Folding,HCDR3,GYSFSTYW,IYPGDSYT,TRGEGLFDY,,FALSE
TNFRSF9,Utomilumab,Inverse Folding,HCDR3,GYSFSTYW,IYPGDSYT,SRGSGIFDY,295,FALSE
TNFRSF9,Utomilumab,Inverse Folding,HCDR3,GYSFSTYW,IYPGDSYT,TRGSGLFDY,225,FALSE
TNFRSF9,Utomilumab,Inverse Folding,HCDR3,GYSFSTYW,IYPGDSYT,ARGQGIFDY,,FALSE
TNFRSF9,Utomilumab,Inverse Folding,HCDR3,GYSFSTYW,IYPGDSYT,ARGWGVFDY,122,TRUE
TNFRSF9,Utomilumab,Inverse Folding,HCDR3,GYSFSTYW,IYPGDSYT,ARGVGIFDY,158,TRUE
TNFRSF9,Utomilumab,Inverse Folding,HCDR3,GYSFSTYW,IYPGDSYT,ARGIGIFDY,128,TRUE
TNFRSF9,Utomilumab,Inverse Folding,HCDR3,GYSFSTYW,IYPGDSYT,ARGRGILDY,,FALSE
TNFRSF9,Utomilumab,Inverse Folding,HCDR3,GYSFSTYW,IYPGDSYT,SRGYGVFDY,130,FALSE
TNFRSF9,Utomilumab,Inverse Folding,HCDR3,GYSFSTYW,IYPGDSYT,ARGIGLFDY,175,TRUE
TNFRSF9,Utomilumab,Inverse Folding,HCDR3,GYSFSTYW,IYPGDSYT,ARGVGLFDY,153,TRUE
TNFRSF9,Utomilumab,Inverse Folding,HCDR3,GYSFSTYW,IYPGDSYT,ARGTGLFDY,95.6,TRUE
TNFRSF9,Utomilumab,Inverse Folding,HCDR3,GYSFSTYW,IYPGDSYT,TRGAGIFDY,,FALSE
TNFRSF9,Utomilumab,Inverse Folding,HCDR3,GYSFSTYW,IYPGDSYT,TRGVGIFDY,92.3,TRUE
TNFRSF9,Utomilumab,Inverse Folding,HCDR3,GYSFSTYW,IYPGDSYT,TRGYGVFDY,96.2,TRUE
TNFRSF9,Utomilumab,Inverse Folding,HCDR3,GYSFSTYW,IYPGDSYT,TRGVGLFDY,141,TRUE
TNFRSF9,Utomilumab,Inverse Folding,HCDR3,GYSFSTYW,IYPGDSYT,ARGAGVFDY,,FALSE
TNFRSF9,Utomilumab,Inverse Folding,HCDR3,GYSFSTYW,IYPGDSYT,TRGTGLFDY,142,TRUE
TNFRSF9,Utomilumab,Inverse Folding,HCDR3,GYSFSTYW,IYPGDSYT,ARGWGLFDY,60.3,TRUE
TNFRSF9,Utomilumab,Inverse Folding,HCDR3,GYSFSTYW,IYPGDSYT,ARGEGILDY,,FALSE
TNFRSF9,Utomilumab,Inverse Folding,HCDR3,GYSFSTYW,IYPGDSYT,ARGWGIFDY,45,TRUE
TNFRSF9,Utomilumab,Inverse Folding,HCDR3,GYSFSTYW,IYPGDSYT,ARGYGIFDY,45.664,TRUE
TNFRSF9,Utomilumab,Inverse Folding,HCDR3,GYSFSTYW,IYPGDSYT,SRGYGIFDY,39.7,TRUE
TNFRSF9,Utomilumab,Inverse Folding,HCDR3,GYSFSTYW,IYPGDSYT,ARGIGVFDY,33.4,FALSE
TNFRSF9,Utomilumab,Inverse Folding,HCDR3,GYSFSTYW,IYPGDSYT,TRGTGIFDY,92,TRUE
TNFRSF9,Utomilumab,Inverse Folding,HCDR3,GYSFSTYW,IYPGDSYT,ARGHGVFDY,315,FALSE
TNFRSF9,Utomilumab,Inverse Folding,HCDR3,GYSFSTYW,IYPGDSYT,ARGAGLFDY,,FALSE
TNFRSF9,Utomilumab,Inverse Folding,HCDR3,GYSFSTYW,IYPGDSYT,ARGVGYFDY,,FALSE
TNFRSF9,Utomilumab,Inverse Folding,HCDR3,GYSFSTYW,IYPGDSYT,ARGTGVLDY,,FALSE
TNFRSF9,Utomilumab,Inverse Folding,HCDR3,GYSFSTYW,IYPGDSYT,TRGAGLFDY,,FALSE
TNFRSF9,Utomilumab,Inverse Folding,HCDR3,GYSFSTYW,IYPGDSYT,ARGDGIFDY,,FALSE
TNFRSF9,Utomilumab,Inverse Folding,HCDR3,GYSFSTYW,IYPGDSYT,TRGSGIFDY,,FALSE
TNFRSF9,Utomilumab,Inverse Folding,HCDR3,GYSFSTYW,IYPGDSYT,SRGDGVFDY,,FALSE
TNFRSF9,Utomilumab,Inverse Folding,HCDR3,GYSFSTYW,IYPGDSYT,TRGDGVFDY,,FALSE
TNFRSF9,Utomilumab,Inverse Folding,HCDR3,GYSFSTYW,IYPGDSYT,ARGSGVLDY,,FALSE
TNFRSF9,Utomilumab,Inverse Folding,HCDR3,GYSFSTYW,IYPGDSYT,ARGEGVLDY,,FALSE
TNFRSF9,Utomilumab,Inverse Folding,HCDR3,GYSFSTYW,IYPGDSYT,ARGDGLLDY,,FALSE
TNFRSF9,Utomilumab,Inverse Folding,HCDR3,GYSFSTYW,IYPGDSYT,TRGEGIFDY,,FALSE
TNFRSF9,Utomilumab,Inverse Folding,HCDR3,GYSFSTYW,IYPGDSYT,TRGEGVFDY,,FALSE
TNFRSF9,Utomilumab,Inverse Folding,HCDR3,GYSFSTYW,IYPGDSYT,ARGTGVFDY,,FALSE
TNFRSF9,Utomilumab,Inverse Folding,HCDR3,GYSFSTYW,IYPGDSYT,ARGRGYFDY,,FALSE
TNFRSF9,Utomilumab,Inverse Folding,HCDR3,GYSFSTYW,IYPGDSYT,ARGSGILDY,,FALSE
TNFRSF9,Utomilumab,Inverse Folding,HCDR3,GYSFSTYW,IYPGDSYT,ARGNGVFDY,,FALSE
TNFRSF9,Utomilumab,Inverse Folding,HCDR3,GYSFSTYW,IYPGDSYT,ARGVGVFDY,,FALSE
TNFRSF9,Utomilumab,Inverse Folding,HCDR3,GYSFSTYW,IYPGDSYT,TRGRGIFDY,,FALSE
TNFRSF9,Utomilumab,Inverse Folding,HCDR123,GYTFSSYW,IYPGDSYT,TRGSGVFDY,,FALSE
TNFRSF9,Utomilumab,Inverse Folding,HCDR123,GYTFSSYW,IYPGDSYT,ARGVGVFDY,,FALSE
TNFRSF9,Utomilumab,Inverse Folding,HCDR123,GYTFSSYW,IYPGDSYT,ARGSGIFDY,,FALSE
TNFRSF9,Utomilumab,Inverse Folding,HCDR123,GYTFSSYW,IYPGDSYT,ARGAGIFDY,,FALSE
TNFRSF9,Utomilumab,Inverse Folding,HCDR123,GYSFSSYW,IYPGDSYT,ARGEGLFDY,,FALSE
TNFRSF9,Utomilumab,Inverse Folding,HCDR123,GYSFSSYW,IYPGDSYT,ARGEGVFDY,,FALSE
TNFRSF9,Utomilumab,Inverse Folding,HCDR123,GYTFSSYW,IYPGDSYT,ARGAGVFDY,,FALSE
TNFRSF9,Utomilumab,Inverse Folding,HCDR123,GYSFSSYW,IYPGDSYT,ARGEGIFDY,,FALSE
TNFRSF9,Utomilumab,Inverse Folding,HCDR123,GYSFSSYW,IYPGDSYT,ARGDGVFDY,,FALSE
TNFRSF9,Utomilumab,Inverse Folding,HCDR123,GYSFSSYW,IYPGDSYT,ARGDGLFDY,,FALSE
TNFRSF9,Utomilumab,Inverse Folding,HCDR123,GYTFSNYW,IYPGDSYT,ARGSGVFDY,,FALSE
TNFRSF9,Utomilumab,Inverse Folding,HCDR123,GYTFSNYW,IYPGDSYT,ARGDGLFDY,,FALSE
TNFRSF9,Utomilumab,Inverse Folding,HCDR123,GYTFSSYW,IYPGDSYT,ARGTGVFDY,,FALSE
TNFRSF9,Utomilumab,Inverse Folding,HCDR123,GYTFSNYW,IYPGDSYT,ARGEGVFDY,,FALSE
TNFRSF9,Utomilumab,Inverse Folding,HCDR123,GYTFSSYW,IYPGDSYT,TRGYGIFDY,95.4,TRUE
TNFRSF9,Utomilumab,Inverse Folding,HCDR123,GYSFSSYW,IYPGDSYT,ARGVGIFDY,,FALSE
TNFRSF9,Utomilumab,Inverse Folding,HCDR123,GYTFSSYW,IYPGDSYT,ARGYGLFDY,86.1,TRUE
TNFRSF9,Utomilumab,Inverse Folding,HCDR123,GYSFSNYW,IYPGDSYT,ARGDGIFDY,,FALSE
TNFRSF9,Utomilumab,Inverse Folding,HCDR123,GYTFSNYW,IYPGDSYT,ARGSGLFDY,,FALSE
TNFRSF9,Utomilumab,Inverse Folding,HCDR123,GYTFSSYW,IYPGNSYT,ARGYGLFDY,,FALSE
TNFRSF9,Utomilumab,Inverse Folding,HCDR123,GYTFSSYW,IYPGDSYT,TRGYGLFDY,109,TRUE
TNFRSF9,Utomilumab,Inverse Folding,HCDR123,GYTFSNYW,IYPGDSYT,ARGTGVFDY,,FALSE
TNFRSF9,Utomilumab,Inverse Folding,HCDR123,GYTFSNYW,IYPGDSYT,ARGYGIFDY,86.4,TRUE
TNFRSF9,Utomilumab,Inverse Folding,HCDR123,GYTFSSYW,IYPGDSYT,ARGDGLFDY,,FALSE
TNFRSF9,Utomilumab,Inverse Folding,HCDR123,GYSFSSYW,IYPGDSYT,ARGSGVFDY,,FALSE
TNFRSF9,Utomilumab,Inverse Folding,HCDR123,GYTFSDYW,IYPGDSYT,ARGYGLFDY,84.1,TRUE
TNFRSF9,Utomilumab,Inverse Folding,HCDR123,GYTFSDYW,IYPGDSYT,ARGYGIFDY,120,TRUE
TNFRSF9,Utomilumab,Inverse Folding,HCDR123,GYSFSNYW,IYPGDSYT,ARGTGIFDY,,FALSE
TNFRSF9,Utomilumab,Inverse Folding,HCDR123,GYSFSSYW,IYPGDSYT,ARGDGIFDY,,FALSE
TNFRSF9,Utomilumab,Inverse Folding,HCDR123,GYTFSNYW,IYPGDSYT,ARGEGIFDY,,FALSE
TNFRSF9,Utomilumab,Inverse Folding,HCDR123,GYTFSSYW,IYPGDSYT,ARGVGIFDY,,FALSE
TNFRSF9,Utomilumab,Inverse Folding,HCDR123,GYSFSSYW,IYPGDSYT,ARGYGVFDY,228,TRUE
TNFRSF9,Utomilumab,Inverse Folding,HCDR123,GYSFSSYW,IYPGDSYT,ARGTGLFDY,150,TRUE
TNFRSF9,Utomilumab,Inverse Folding,HCDR123,GYTFSNYW,IYPGDSYT,ARGYGLFDY,117,TRUE
TNFRSF9,Utomilumab,Inverse Folding,HCDR123,GYTFSDYW,IYPGDSYT,ARGEGIFDY,,FALSE
TNFRSF9,Utomilumab,Inverse Folding,HCDR123,GYTFSNYW,IYPGDSYT,ARGRGIFDY,,FALSE
TNFRSF9,Utomilumab,Inverse Folding,HCDR123,GYTFSNYW,IYPGDSYT,ARGSGIFDY,,FALSE
TNFRSF9,Utomilumab,Inverse Folding,HCDR123,GYTFSDYW,IYPGDSYT,ARGDGIFDY,,FALSE
TNFRSF9,Utomilumab,Inverse Folding,HCDR123,GYTFSSYW,IYPGDSYT,ARGEGIFDY,,FALSE
TNFRSF9,Utomilumab,Inverse Folding,HCDR123,GYTFSSYW,IYPGDSYT,ARGDGIFDY,,FALSE
TNFRSF9,Utomilumab,Inverse Folding,HCDR123,GYTFSNYW,IYPGDSYT,ARGVGLFDY,,FALSE
TNFRSF9,Utomilumab,Inverse Folding,HCDR123,GYTFSSYW,IYPGDSYT,TRGEGIFDY,,FALSE
TNFRSF9,Utomilumab,Inverse Folding,HCDR123,GYTFSSYW,IYPGNSYT,ARGDGVFDY,32.9,FALSE
TNFRSF9,Utomilumab,Inverse Folding,HCDR123,GYTFSNYW,IYPGDSYT,ARGTGIFDY,,FALSE
TNFRSF9,Utomilumab,Inverse Folding,HCDR123,GYTFSNYW,IYPGDSYT,ARGRGVFDY,,FALSE
TNFRSF9,Utomilumab,Inverse Folding,HCDR123,GYTFSNYW,IYPGDSYT,ARGVGVFDY,,FALSE
TNFRSF9,Utomilumab,Inverse Folding,HCDR123,GYTFSSYW,IYPGDSYT,ARGVGLFDY,,FALSE
TNFRSF9,Utomilumab,Inverse Folding,HCDR123,GYSFSNYW,IYPGDSYT,ARGYGLFDY,145,TRUE
TNFRSF9,Utomilumab,Inverse Folding,HCDR123,GYSFSSYW,IYPGDSYT,ARGYGLFDY,51.1,TRUE
TNFRSF9,Utomilumab,Inverse Folding,HCDR123,GYSFSSYW,IYPGDSYT,ARGSGLFDY,,FALSE
TNFRSF9,Utomilumab,Inverse Folding,HCDR123,GYTFSSYW,IYPGDSYT,ARGYGILDY,59.4,TRUE
TNFRSF9,Utomilumab,Inverse Folding,HCDR123,GYTFSSYW,IYPGNSYT,ARGYGVFDY,,FALSE
TNFRSF9,Utomilumab,Inverse Folding,HCDR123,GYSFSSYW,IYPGDSYT,ARGTGIFDY,,FALSE
TNFRSF9,Utomilumab,Inverse Folding,HCDR123,GYTFSSYW,IYPGDSYT,ARGDGVFDY,,FALSE
TNFRSF9,Utomilumab,Inverse Folding,HCDR123,GYTFSSYW,IYPGDSYT,ARGRGLFDY,,FALSE
TNFRSF9,Utomilumab,Inverse Folding,HCDR123,GYTFSSYW,IYPGDSYT,ARGYGIFDY,58.6,TRUE
TNFRSF9,Utomilumab,Inverse Folding,HCDR123,GYTFSNYW,IYPGDSYT,ARGYGVFDY,,FALSE
TNFRSF9,Utomilumab,Inverse Folding,HCDR123,GYTFSNYW,IYPGDSYT,ARGEGLFDY,51,FALSE