SeqCode,HCDR3,Library,Origin,Hamming distance from parent,KD
HER20002,HDVGYCSSSNCAKWPEYFQH,JD Marks,,,1.65E-09
HER20003,HDVAYCSSSRCLTWPEYFQH,Affmat library,G98A,3,2.88E-09
HER20004,HDVGQCDSSNCAKWPEYFQH,Affmat library,G98A,3,3.44E-09
HER20005,HDVAYCDTPTCAKWPEYFQH,Affmat library,G98A,4,1.86E-09
HER20006,HDVGWCTSSNCAKWPEYFQH,Affmat library,G98A,3,8.50E-10
HER20007,HDVGYCMSSNCAKWPEYFQH,Affmat library,G98A,2,2.08E-09
HER20008,HDVAYCDSDRCAKWPEYFQH,Affmat library,G98A,3,2.68E-09
HER20009,HDVAYCSSSRCLEWPEYFQH,Affmat library,G98A,3,1.04E-09
HER20010,HDVAYCSSSRCLDWPEYFQH,Affmat library,G98A,3,1.06E-09
HER20011,HDVGLCSSSNCAKWPEYFQH,Affmat library,G98A,2,5.25E-09
HER20012,HDVGYCSSHRCETWPEYFQH,ML library,Seed 1,3,5.91E-10
HER20013,HDVGYCSTSRCLTWPEYFQH,ML library,Seed 1,2,6.07E-11
HER20014,HDVAYCDDPTCAYWPEYFQH,Random library,Seed 3,2,9.96E-10
HER20015,HDVGYCDTPTCDKWPEYFQH,ML library,Seed 3,2,2.00E-10
HER20016,HDVGPCDTSTCAKWPEYFQH,ML library,Seed 3,3,1.41E-09
HER20017,HDVGQCDSSNCAAWPEYFQH,Random library,Seed 2,1,1.46E-09
HER20018,HDVGYCSESACQQWPEYFQH,ML library,Seed 1,5,2.26E-09
HER20019,HDVGQCDSSNCATWPEYFQH,Random library,Seed 2,1,7.90E-10
HER20020,HDVGYCDTPTCDKWPEYFTH,ML library,Seed 3,3,2.94E-10
HER20021,HDTGYCDTPTCAKWPEYFQH,ML library,Seed 3,2,2.15E-10
HER20022,HDVGYCDTPTCATWPEQFDH,ML library,Seed 3,2,1.83E-10
HER20023,HDVGYCDTESCEKWPEYFQH,ML library,Seed 3,4,5.78E-10
HER20024,HDVGQCDSSNCETWPEYFQH,Random library,Seed 2,2,1.65E-10
HER20025,HDVGYCDTPTCNKWPEYFQH,Random library,Seed 3,2,2.83E-10
HER20026,HDVGYCDSSMCQMWPEYFQH,Random library,Seed 2,4,4.65E-10